listing_id,model_id,seller_id,price
1,1,4,778.62
2,1,1,770.20
3,1,9,767.24
4,2,18,809.25
5,2,3,814.50
6,2,14,826.30
7,3,1,918.42
8,3,18,917.10
9,3,7,891.76
10,4,19,926.82
11,4,9,854.63
12,5,14,933.84
13,6,7,1044.68
14,7,4,987.00
15,7,3,984.91
16,8,20,1081.22
17,8,9,1073.10
18,9,4,1104.72
19,9,13,1135.20
20,9,3,1112.03
21,10,19,1121.48
22,10,7,1049.09
23,11,10,1257.18
24,12,4,1283.43
25,13,12,788.63
26,13,6,775.79
27,14,3,851.90
28,14,6,827.33
29,15,13,995.46
30,15,9,962.29
31,16,8,874.64
32,16,11,856.94
33,16,2,882.41
34,17,3,1040.27
35,17,7,1005.71
36,18,11,1038.05
37,18,7,1092.49
38,18,16,1044.68
39,19,5,1125.92
40,19,8,1103.28
41,20,19,1182.45
42,20,14,1258.63
43,20,13,1155.64
44,21,3,1345.91
45,21,2,1253.90
46,22,14,1210.56
47,23,13,1302.78
48,23,15,1360.19
49,24,4,1424.42
50,25,9,782.50
51,25,11,771.69
52,25,4,759.31
53,26,9,849.65
54,26,17,815.58
55,26,6,859.64
56,27,17,937.03
57,27,7,916.88
58,27,5,992.04
59,28,1,855.80
60,28,11,937.58
61,28,16,933.05
62,29,8,973.11
63,29,2,1005.73
64,30,3,1073.33
65,31,18,1128.22
66,32,16,1252.58
67,33,9,1302.59
68,34,14,1229.61
69,34,7,1221.77
70,34,18,1224.53
71,35,12,1350.91
72,35,15,1292.70
73,36,8,1338.01
74,37,19,702.77
75,38,8,815.61
76,38,1,763.75
77,38,3,764.44
78,39,11,860.42
79,40,9,812.50
80,41,18,865.94
81,42,19,1027.43
82,42,16,1029.72
83,42,8,968.07
84,43,14,984.44
85,44,15,1118.05
86,44,2,1152.21
87,45,2,1187.32
88,46,4,1065.11
89,46,8,1102.99
90,47,14,1161.05
91,48,8,1391.04
92,48,3,1449.55
93,49,4,722.49
94,49,2,731.78
95,49,18,728.80
96,50,6,791.52
97,51,7,935.18
98,51,13,868.85
99,52,13,780.24
100,53,10,916.67
101,53,14,919.72
102,54,16,978.69
103,54,5,1045.82
104,54,7,1006.91
105,55,2,954.06
106,55,11,996.68
107,55,20,1040.90
108,56,6,1052.85
109,56,2,1064.47
110,56,17,1109.44
111,57,8,1251.95
112,57,13,1207.35
113,57,4,1208.46
114,58,20,1053.06
115,59,19,1176.98
116,59,20,1170.32
117,59,17,1219.35
118,60,8,1384.42
119,60,9,1423.02
120,61,15,728.99
121,61,11,729.46
122,62,15,808.68
123,63,4,873.21
124,63,3,877.89
125,63,18,937.95
126,64,8,985.97
127,65,15,1135.68
128,66,10,1219.13
129,66,17,1205.55
130,66,1,1250.77
131,67,5,1073.11
132,68,18,1157.69
133,69,20,1429.44
134,69,7,1357.53
135,70,9,974.14
136,70,17,1039.78
137,70,16,954.12
138,71,14,1044.44
139,71,9,1128.80
140,71,2,1114.07
141,72,6,1004.16
142,72,15,991.78
143,73,4,1052.32
144,74,5,1342.46
145,74,18,1309.72
146,74,2,1253.29
147,75,2,1077.93
148,76,12,1212.79
149,77,4,1378.53
150,78,14,776.31
151,78,5,784.67
152,78,8,772.28
153,79,1,817.90
154,79,6,785.59
155,80,8,868.36
156,80,9,917.09
157,81,2,582.37
158,81,16,617.96
159,82,12,773.01
160,82,10,776.81
161,83,1,334.27
162,84,11,444.63
163,84,9,449.03
164,85,12,395.00
165,85,17,418.20
166,86,11,517.81
167,86,1,487.08
168,86,4,503.02
169,87,2,806.72
170,87,4,786.67
171,88,14,864.45
172,88,17,934.92
173,89,9,1048.93
174,90,1,1041.51
175,90,17,1002.84
176,91,7,1051.74
177,91,12,1117.05
178,91,14,1080.34
179,92,4,1299.93
180,92,10,1320.68
181,93,13,1104.98
182,93,10,1065.13
183,94,13,1187.74
184,94,6,1239.01
185,94,10,1175.48
186,95,14,1438.98
187,96,11,1589.75
188,96,15,1553.22
189,96,19,1594.71
190,97,6,1801.78
191,97,3,1822.92
192,97,10,1769.35
193,98,10,1165.98
194,99,5,1237.22
195,100,16,909.00
196,101,15,990.45
197,102,19,798.55
198,102,7,778.54
199,102,13,811.47
200,103,4,924.03
201,104,6,1235.46
202,105,17,1306.46
203,105,15,1353.23
204,105,2,1249.81
205,106,15,914.07
206,107,20,1010.25
207,107,11,1020.91
208,107,15,999.48
209,108,15,795.01
210,108,6,819.12
211,108,16,826.16
212,109,17,910.39
213,109,16,878.74
214,110,10,1069.82
215,111,11,1148.71
216,111,18,1157.13
217,112,5,764.18
218,112,7,791.62
219,113,15,872.64
220,113,14,891.82
221,113,2,935.39
222,114,1,697.39
223,114,19,729.95
224,114,13,684.92
225,115,14,818.78
226,115,18,802.69
227,116,8,1758.15
228,116,16,1796.42
229,116,20,1779.01
230,117,13,1978.67
231,117,6,1990.29
232,117,15,1905.48
233,118,19,1015.28
234,118,20,957.44
235,119,5,1064.02
236,119,15,1072.64
237,120,7,1767.85
238,120,15,1846.00
239,121,9,1851.96
240,121,14,1819.60
241,122,18,954.25
242,123,8,1129.91
243,123,3,1115.68
244,124,8,387.00
245,125,20,433.39
246,126,16,354.91
247,127,7,409.65
248,127,15,385.74
249,127,9,403.28
250,128,4,287.28
251,128,6,284.82
252,128,10,293.38
253,129,13,334.20
254,129,20,355.65
255,129,7,353.44
256,130,10,257.72
257,131,4,294.43
258,131,19,296.86
259,131,2,295.13
260,132,11,205.41
261,132,1,191.15
262,132,14,208.17
263,133,15,240.94
264,133,5,249.54
265,133,14,252.75
266,134,18,346.75
267,134,16,357.06
268,134,15,340.92
269,135,3,390.18
270,136,8,301.09
271,136,15,304.03
272,137,1,361.25
273,137,16,337.90
274,138,12,256.42
275,139,9,300.67
276,139,20,299.50
277,140,3,193.85
278,141,16,255.43
279,141,18,253.75
280,142,16,334.80
281,142,15,339.28
282,142,1,355.69
283,143,19,397.93
284,143,12,400.23
285,144,18,294.57
286,144,11,297.62
287,145,9,335.76
288,145,8,338.27
289,146,18,260.23
290,147,6,306.13
291,147,7,292.32
292,147,19,301.68
293,148,20,1342.21
294,148,10,1272.53
295,148,4,1280.93
296,149,1,1346.76
297,149,18,1335.42
298,150,18,978.23
299,151,16,1055.32
300,152,19,1075.30
301,153,15,1161.16
302,153,11,1145.21
303,154,4,939.58
304,154,3,908.58
305,155,2,926.97
306,155,5,939.38
307,155,19,861.71
308,156,4,501.90
309,157,20,255.86
310,157,8,246.02
311,158,10,208.75
312,158,19,195.13
313,159,2,181.25
314,159,4,174.79
315,159,7,171.50
316,160,6,169.88
317,161,1,127.82
318,162,20,380.35
319,162,16,390.55
320,162,10,390.33
321,163,3,311.67
322,163,8,307.61
323,164,19,239.41
324,164,7,242.15
325,164,14,240.26
326,165,5,1432.99
327,165,3,1542.87
328,166,19,1346.45
329,166,10,1425.40
330,166,15,1426.94
331,167,17,1198.26
332,167,18,1148.69
333,168,14,1022.43
334,169,9,777.34
335,169,1,812.93
336,169,3,827.81
337,170,1,563.44
338,170,9,531.17
339,170,2,550.04
340,171,9,1153.61
341,171,6,1091.95
342,172,3,885.33
343,172,16,884.01
344,173,4,692.82
345,173,6,698.68
346,173,11,710.36
347,174,18,227.97
348,174,2,224.75
349,175,4,185.53
350,175,13,184.82
351,176,18,198.24
352,177,7,149.27
353,178,16,532.73
354,178,15,551.70
355,178,2,572.48
356,179,16,618.42
357,179,4,657.44
358,180,6,489.56
359,181,18,127.81
360,182,4,98.62
361,183,5,798.87
362,184,10,693.09
363,184,17,697.78
364,184,9,697.06
365,185,18,690.86
366,185,5,728.49
367,186,5,615.33
368,186,3,620.23
369,186,9,589.41
370,187,9,510.28
371,187,1,515.84
372,187,10,502.99
373,188,16,400.54
374,188,5,392.82
375,188,15,401.07
376,189,13,310.05
377,189,15,313.38
378,189,11,291.19
379,190,8,237.64
380,190,14,255.09
381,191,13,1098.49
382,191,20,1048.12
383,191,5,1099.25
384,192,11,863.01
385,192,4,935.90
386,192,15,855.43
387,193,14,776.78
388,194,3,696.87
389,195,11,607.98
390,195,13,620.07
391,196,18,910.40
392,196,13,933.83
393,196,11,897.92
394,197,2,404.23
395,197,3,415.80
396,197,8,418.85
397,198,3,358.09
398,198,14,356.12
399,198,4,335.06
400,199,10,207.03
401,200,11,184.30
402,201,12,743.81
403,201,20,729.84
404,202,19,627.58
405,202,6,621.68
406,203,20,598.86
407,203,8,603.98
408,204,15,759.33
409,205,9,622.89
410,205,1,596.92
411,206,18,717.08
412,206,6,782.35
413,207,10,695.98
414,207,14,685.17
415,207,9,733.91
416,208,4,246.05
417,208,8,245.49
418,209,10,313.29
419,209,1,303.73
420,210,1,361.74
421,210,19,358.71
422,211,20,306.33
423,212,8,387.79
424,212,12,386.64
425,213,5,186.22
426,213,4,181.62
427,214,15,301.38
428,214,2,305.95
429,215,10,637.75
430,216,6,576.97
431,216,7,601.36
432,217,17,832.04
433,217,20,825.40
434,218,16,665.00
435,218,10,638.53
436,219,15,888.30
437,220,8,827.78
438,221,13,574.46
439,221,18,592.69
440,221,12,584.89
441,222,15,788.50
442,223,9,618.31
443,223,19,625.37
444,223,13,575.54
445,224,16,570.55
446,225,11,303.05
447,225,8,297.93
448,225,3,305.01
449,226,14,858.13
450,226,4,857.40
451,226,5,943.58
452,227,4,777.81
453,228,5,887.40
454,228,13,939.40
455,228,15,916.66
456,229,14,881.72
457,229,19,862.15
458,229,5,877.33
459,230,14,814.20
460,230,9,776.41
461,230,2,794.58
462,231,12,862.98
463,232,12,811.69
464,232,18,829.97
465,232,20,888.75
466,233,3,506.07
467,233,7,503.85
468,234,2,564.75
469,235,5,821.93
470,236,3,1031.95
471,237,7,1133.40
472,237,19,1069.66
473,237,20,1129.15
474,238,1,1257.45
475,238,9,1203.82
476,238,5,1234.79
477,239,1,1251.17
478,240,8,932.28
479,240,19,918.09
480,241,5,459.85
481,242,4,396.94
482,242,3,393.50
483,242,16,402.74
484,243,17,364.55
485,243,8,333.06
486,244,17,303.29
487,244,10,284.98
488,244,15,313.91
489,245,14,598.42
490,245,4,623.54
491,246,3,539.23
492,247,3,672.87
493,248,19,246.03
494,248,18,251.43
495,248,11,243.89
496,249,20,225.42
497,249,14,210.56
498,249,4,222.39
499,250,7,310.60
500,250,14,296.42
501,250,15,308.79
502,251,14,146.21
503,251,4,146.21
504,252,12,202.72
505,252,5,198.49
506,253,3,238.87
507,254,12,205.20
508,255,2,180.10
509,255,19,182.04
510,255,18,177.40
511,256,14,140.40
512,256,2,136.94
513,256,10,140.08
514,257,5,181.81
515,258,4,393.02
516,259,12,432.18
517,259,4,442.18
518,259,9,443.81
519,260,20,403.35
520,260,18,405.30
521,260,1,406.72
522,261,6,419.27
523,262,11,151.15
524,262,12,164.88
525,263,13,183.31
526,263,3,187.45
527,263,5,171.69
528,264,7,247.85
529,264,13,240.47
530,264,14,244.31
531,265,19,279.31
532,265,3,259.74
533,266,2,148.15
534,266,3,147.87
535,266,9,150.60
536,267,9,173.31
537,267,7,162.47
538,268,4,304.33
539,268,10,301.78
540,269,10,315.66
541,269,2,322.17
542,269,8,303.30
543,270,7,512.18
544,270,5,488.49
545,271,1,548.86
546,272,6,196.62
547,272,5,203.05
548,273,18,167.26
549,273,12,173.09
550,273,3,167.92
551,274,3,250.89
552,274,11,250.83
553,275,14,296.16
554,275,10,312.94
555,275,4,289.19
556,276,15,346.79
557,276,12,335.24
558,276,3,346.76
559,277,17,295.88
560,277,3,293.33
561,278,8,307.35
562,278,11,286.33
563,279,4,338.32
564,279,17,358.64
565,279,19,343.80
566,280,5,230.55
567,280,8,231.76
568,280,4,241.45
569,281,3,178.35
570,281,6,180.14
571,281,16,180.42
572,282,19,867.62
573,282,11,860.19
574,282,20,893.80
575,283,9,954.66
576,283,19,999.73
577,284,15,475.93
578,284,20,492.45
579,285,3,555.31
580,285,20,549.39
581,286,19,364.85
582,286,18,357.34
583,287,15,415.32
584,288,7,229.03
585,288,11,239.48
586,288,16,227.87
587,289,3,181.62
588,289,17,170.75
589,290,15,399.91
590,290,20,385.38
591,290,17,393.93
592,291,13,461.32
593,291,14,457.03
594,292,11,716.49
595,293,18,813.25
596,294,9,264.52
597,294,5,271.23
598,295,12,312.95
599,296,13,881.88
600,296,5,887.91
601,296,3,925.22
602,297,17,910.42
603,298,14,570.14
604,298,17,587.55
605,298,12,626.03
606,299,16,631.25
607,299,7,625.48
608,300,10,723.08
609,301,17,769.29
610,302,17,621.55
611,302,2,606.07
612,302,11,604.83
613,303,6,628.29
614,304,20,1048.85
615,304,6,1084.09
616,304,15,1123.13
617,305,20,1229.26
618,305,10,1233.03
619,306,18,388.59
620,307,7,457.01
621,307,12,452.16
622,308,15,307.32
623,308,10,299.09
624,309,6,359.51
625,309,7,336.38
626,310,2,517.67
627,310,16,501.72
628,311,17,568.28
629,312,3,878.57
630,312,6,935.44
631,313,14,958.21
632,314,15,206.65
633,315,14,171.00
634,316,12,345.27
635,316,8,324.88
636,316,13,313.48
637,317,11,410.63
638,318,2,273.05
639,319,5,347.21
640,319,16,331.73
641,320,1,438.04
642,321,18,520.97
643,322,17,358.64
644,322,14,339.84
645,322,4,335.80
646,323,14,404.54
647,324,15,464.12
648,324,3,448.99
649,324,4,450.62
650,325,17,1429.57
651,325,19,1369.80
652,325,8,1329.27
653,326,8,990.67
654,326,19,1015.42
655,327,17,1360.66
656,328,17,1103.84
657,329,18,517.63
658,329,1,476.22
659,329,13,493.36
660,330,9,491.87
661,330,1,477.42
662,331,4,820.69
663,332,11,688.68
664,332,5,687.71
665,332,2,708.98
666,333,15,462.99
667,333,16,429.38
668,333,6,461.40
669,334,2,435.60
670,334,10,462.07
671,335,11,781.46
672,336,13,584.22
673,336,18,614.17
674,336,16,580.50
675,337,2,487.68
676,337,11,513.94
677,338,13,726.59
678,338,15,691.08
679,339,16,610.50
680,340,17,720.05
681,340,9,714.87
682,341,14,504.11
683,342,18,390.77
684,343,3,441.27
685,344,10,504.12
686,344,15,495.31
687,345,15,380.74
688,345,12,413.76
689,345,20,393.12
690,346,9,429.92
691,346,2,455.17
692,347,17,521.59
693,347,6,481.17
694,348,15,381.73
695,348,2,410.11
696,348,5,393.67
697,349,19,453.72
698,349,2,457.04
699,350,12,512.13
700,350,15,502.69
701,351,12,709.45
702,351,13,681.50
703,351,11,671.98
704,352,6,789.97
705,352,16,803.93
706,352,17,779.97
707,353,15,523.77
708,353,7,488.30
709,354,7,529.00
710,354,4,525.62
711,355,15,628.79
712,356,11,702.49
713,356,12,684.35
714,356,3,685.02
715,357,6,565.12
716,358,8,616.49
717,358,4,583.23
718,358,7,598.64
719,359,18,689.84
720,359,19,720.23
721,360,5,783.76
722,360,3,838.92
723,360,19,816.49
724,361,14,865.32
725,361,20,882.55
726,361,3,860.72
727,362,17,961.87
728,362,12,1031.87
729,363,19,495.64
730,363,6,519.49
731,363,5,476.82
732,364,17,578.22
733,365,6,1177.74
734,366,8,1350.30
735,366,12,1343.94
736,366,17,1266.60
737,367,18,1112.74
738,367,9,1111.58
739,367,5,1054.32
740,368,6,1159.58
741,368,19,1213.93
742,368,5,1247.20
743,369,19,1031.49
744,369,2,951.88
745,370,19,1073.14
746,371,19,891.50
747,372,1,977.99
748,372,16,1044.62
749,372,18,997.30
750,373,13,860.61
751,373,10,859.44
752,373,15,893.57
753,374,15,983.04
754,374,7,963.40
755,375,11,769.50
756,375,12,788.66
757,375,13,803.93
758,376,8,865.06
759,376,15,894.47
760,377,4,954.11
761,378,20,1071.33
762,378,14,1139.15
763,379,11,520.64
764,380,11,548.90
765,380,7,549.81
766,380,6,548.93
767,381,16,574.44
768,381,1,592.61
769,382,8,704.83
770,382,7,667.45
771,383,16,439.38
772,383,20,426.92
773,384,14,480.73
774,385,12,590.97
775,385,13,593.04
776,386,18,652.45
777,386,7,621.32
778,386,12,649.28
779,387,9,417.96
780,387,4,394.77
781,387,5,410.77
782,388,18,460.45
783,388,12,435.49
784,389,13,524.04
785,389,17,529.07
786,389,2,539.83
787,390,17,577.97
788,390,15,622.55
789,391,11,364.05
790,392,6,418.58
791,392,13,408.55
792,393,19,499.37
793,393,11,499.48
794,394,19,348.12
795,394,10,332.13
796,395,4,402.34
797,395,14,410.84
798,396,1,469.97
799,396,16,461.70
800,396,9,461.40
801,397,8,482.56
802,397,2,505.44
803,397,16,504.97
804,398,5,570.94
805,398,8,625.85
806,399,7,284.62
807,400,14,345.96
808,400,5,338.67
809,401,20,407.21
810,401,16,399.75
811,401,2,401.43
812,402,16,440.64
813,402,17,434.33
814,402,13,467.50
815,403,18,609.53
816,403,12,621.02
817,404,9,312.67
818,404,16,292.39
819,404,7,292.98
820,405,10,355.64
821,405,7,348.62
822,406,12,520.64
823,406,18,513.74
824,407,10,250.83
825,407,4,250.08
826,408,12,292.73
827,408,5,292.65
828,409,3,506.78
829,409,12,511.34
830,409,15,484.73
831,410,9,191.78
832,410,18,201.30
833,410,20,200.73
834,411,2,232.89
835,412,8,239.04
836,412,20,244.77
837,412,2,248.31
838,413,5,229.47
839,413,1,211.51
840,413,18,222.35
841,414,16,204.09
842,414,7,194.77
843,415,2,191.88
844,415,3,183.94
845,416,2,227.37
846,416,6,211.90
847,416,14,228.19
848,417,16,186.82
849,417,6,187.27
850,418,2,165.59
851,418,1,170.74
852,419,10,156.29
853,419,15,149.65
854,420,5,138.56
855,420,17,134.73
856,421,11,124.65
857,422,9,189.33
858,422,6,195.76
859,423,19,221.57
860,423,7,237.16
861,424,14,195.58
862,424,17,197.03
863,425,6,240.03
864,426,11,189.19
865,426,8,196.68
866,427,9,224.46
867,427,11,234.10
868,428,9,252.83
869,429,8,198.31
870,429,2,192.23
871,429,4,202.70
872,430,10,225.97
873,430,4,222.61
874,430,20,239.47
875,431,5,306.41
876,431,15,302.16
877,432,18,337.47
878,432,16,338.94
879,433,8,284.03
880,434,3,299.84
881,434,17,294.87
882,434,15,311.48
883,435,2,205.54
884,436,7,269.23
885,436,19,274.20
886,436,18,279.57
887,437,7,305.49
888,438,3,197.92
889,438,17,190.16
890,439,17,227.06
891,440,2,263.47
892,440,18,254.03
893,440,15,246.61
894,441,1,301.34
895,441,7,285.40
896,442,3,208.83
897,442,18,207.65
898,443,16,218.28
899,444,6,255.62
900,444,5,260.91
901,445,14,277.56
902,445,12,290.64
903,445,13,275.58
904,446,18,191.70
905,447,4,240.29
906,447,6,226.55
907,448,8,309.01
908,449,10,327.78
909,450,18,275.63
910,450,14,271.46
911,450,20,277.90
912,451,9,289.69
913,452,4,201.29
914,452,2,207.68
915,452,14,206.74
916,453,7,266.93
917,454,2,458.00
918,454,15,448.58
919,454,20,467.13
920,455,7,500.19
921,455,2,489.46
922,455,5,515.79
923,456,19,370.00
924,456,11,394.30
925,456,20,398.46
926,457,8,391.01
927,457,14,402.27
928,457,10,403.67
929,458,6,419.82
930,458,14,439.84
931,458,18,438.55
932,459,13,367.07
933,459,17,356.70
934,459,11,352.80
935,460,18,378.99
936,461,10,352.16
937,462,15,374.93
938,463,14,320.96
939,463,20,316.43
940,463,18,312.16
941,464,3,351.80
942,464,15,326.14
943,465,7,266.68
944,465,2,272.83
945,465,9,257.57
946,466,7,298.83
947,467,18,242.72
948,467,7,260.18
949,467,16,245.08
950,468,7,281.80
951,469,4,224.30
952,469,16,224.48
953,469,8,217.73
954,470,18,235.72
955,471,13,301.01
956,471,15,295.78
957,472,12,332.25
958,472,17,318.91
959,473,16,355.35
960,473,11,356.90
961,473,7,362.25
962,474,5,361.62
963,475,19,244.88
964,475,20,242.40
965,475,14,243.25
966,476,8,274.17
967,476,16,274.99
968,476,18,263.45
969,477,16,328.72
970,477,15,350.03
971,478,5,367.93
972,479,6,209.81
973,479,18,209.14
974,480,2,225.82
975,480,3,218.07
976,480,20,227.54
977,481,3,275.59
978,482,7,290.17
979,483,2,243.82
980,483,16,228.38
981,484,18,247.43
982,484,14,265.78
983,484,1,260.93
984,485,1,185.64
985,485,17,183.13
986,486,4,166.69
987,487,5,212.52
988,487,8,204.80
989,487,7,206.94
990,488,3,240.56
991,488,12,229.06
992,489,8,156.80
993,490,2,172.68
994,491,13,129.69
995,491,18,131.78
996,492,6,175.87
997,492,3,172.46
998,492,16,167.13
999,493,17,197.96
1000,494,7,166.42
1001,495,19,171.84
1002,495,16,172.34
1003,495,9,187.66
1004,496,19,156.43
1005,496,2,147.22
1006,496,6,156.92
1007,497,5,166.59
1008,497,13,171.09
1009,497,3,171.13
1010,498,18,187.79
1011,498,11,194.56
1012,499,3,200.63
1013,499,17,208.68
1014,499,12,217.11
1015,500,20,230.32
1016,500,13,216.18
1017,501,9,233.48
1018,501,15,241.27
1019,501,16,237.01
1020,502,19,172.73
1021,503,20,431.00
1022,504,3,479.10
1023,505,13,336.99
1024,506,5,374.71
1025,506,13,364.48
1026,506,11,396.83
1027,507,12,336.08
1028,507,9,335.56
1029,508,15,402.19
1030,508,18,396.32
1031,509,3,197.08
1032,510,20,232.26
1033,511,13,274.17
1034,511,1,276.86
1035,512,18,332.97
1036,513,19,190.40
1037,514,13,205.15
1038,514,6,205.14
1039,514,5,202.56
1040,515,14,303.05
1041,516,16,345.14
1042,516,3,365.55
1043,517,16,153.71
1044,517,7,156.87
1045,517,15,167.18
1046,518,20,185.47
1047,518,13,176.93
1048,519,14,196.01
1049,519,5,202.06
1050,520,7,212.91
1051,520,16,217.76
1052,520,11,216.02
1053,521,16,206.34
1054,521,19,205.39
1055,521,8,216.00
1056,522,4,223.10
1057,522,19,241.44
1058,523,18,761.20
1059,524,15,925.76
1060,524,7,928.78
1061,524,20,860.27
1062,525,16,1012.32
1063,525,5,973.23
1064,526,5,669.22
1065,526,14,733.30
1066,526,13,697.55
1067,527,18,832.84
1068,527,17,828.53
1069,528,18,653.45
1070,528,2,626.07
1071,529,20,812.04
1072,529,3,803.23
1073,529,4,779.30
1074,530,20,940.97
1075,530,2,883.86
1076,530,13,925.63
1077,531,1,574.96
1078,532,17,716.26
1079,533,19,794.67
1080,533,20,790.30
1081,533,8,820.76
1082,534,17,943.74
1083,534,5,897.45
1084,534,12,880.61
1085,535,4,722.16
1086,536,5,786.46
1087,536,12,821.71
1088,536,10,800.69
1089,537,16,372.58
1090,537,4,382.28
1091,538,3,380.83
1092,538,10,407.41
1093,539,11,435.35
1094,540,6,337.64
1095,540,8,337.14
1096,540,17,351.09
1097,541,8,383.92
1098,541,13,367.11
1099,542,14,306.10
1100,542,13,310.45
1101,542,1,297.49
1102,543,13,335.74
1103,543,1,319.32
1104,544,3,287.36
1105,544,19,280.03
1106,544,4,275.26
1107,545,15,297.07
1108,546,16,251.41
1109,546,17,251.77
1110,546,11,251.17
1111,547,12,282.27
1112,547,15,287.75
1113,548,10,202.42
1114,548,19,195.28
1115,548,3,193.80
1116,549,6,226.10
1117,550,17,493.43
1118,551,5,544.77
1119,551,19,548.27
1120,551,13,551.05
1121,552,6,598.38
1122,552,18,577.45
1123,552,20,587.89
1124,553,20,206.27
1125,553,2,207.99
1126,554,5,236.22
1127,554,7,239.62
1128,555,16,246.90
1129,555,14,257.46
1130,555,20,248.72
1131,556,19,142.01
1132,557,10,189.70
1133,558,18,175.22
1134,559,19,149.74
1135,559,16,143.24
1136,560,9,225.02
1137,561,18,255.47
1138,561,2,247.54
1139,562,14,411.94
1140,563,8,476.59
1141,563,10,471.75
1142,563,2,494.17
1143,564,4,290.33
1144,564,8,306.10
1145,565,12,504.80
1146,565,14,513.21
1147,565,6,514.65
1148,566,19,540.81
1149,567,20,530.79
1150,567,18,575.30
1151,568,10,585.06
1152,568,19,620.45
1153,569,4,1040.83
1154,569,5,1048.20
1155,569,14,1035.67
1156,570,5,1071.49
1157,571,11,298.68
1158,571,8,301.32
1159,571,13,292.08
1160,572,13,334.19
1161,572,15,359.28
1162,573,13,199.31
1163,574,12,260.21
1164,574,15,244.70
1165,575,3,305.90
1166,576,12,359.32
1167,576,3,345.43
1168,577,7,389.76
1169,577,16,412.10
1170,578,18,432.41
1171,578,19,464.82
1172,579,2,191.03
1173,579,20,204.65
1174,580,1,238.83
1175,580,4,221.17
1176,581,1,241.59
1177,581,14,253.70
1178,582,10,269.49
1179,583,3,145.28
1180,583,12,147.09
1181,584,6,181.25
1182,584,2,183.05
1183,584,13,183.57
1184,585,3,304.03
1185,585,4,319.26
1186,586,19,359.87
1187,587,15,305.87
1188,587,1,309.51
1189,587,19,314.64
1190,588,5,334.98
1191,588,16,345.91
1192,589,4,394.70
1193,589,20,391.97
1194,589,11,395.31
1195,590,5,430.58
1196,591,1,265.98
1197,591,6,262.25
1198,591,15,276.70
1199,592,20,331.52
1200,592,15,306.77
1201,593,5,205.05
1202,594,13,245.36
1203,594,12,241.00
1204,594,14,244.42
1205,595,8,251.33
1206,596,20,310.44
1207,596,10,304.75
1208,596,1,294.05
1209,597,20,461.15
1210,597,17,440.80
1211,597,7,429.96
1212,598,16,494.29
1213,599,16,1215.56
1214,600,17,1037.83
1215,601,12,333.89
1216,602,13,383.35
1217,603,14,305.49
1218,603,12,307.88
1219,603,18,313.63
1220,604,1,353.06
1221,605,9,145.74
1222,606,13,180.12
1223,607,17,459.08
1224,607,14,431.21
1225,607,19,451.65
1226,608,5,490.50
1227,608,9,500.57
1228,608,3,485.16
1229,609,18,1473.03
1230,610,3,306.90
1231,610,10,310.39
1232,610,14,286.74
1233,611,14,336.56
1234,612,20,1523.90
1235,612,2,1522.69
1236,612,10,1450.38
1237,613,5,713.08
1238,614,16,782.93
1239,615,17,492.61
1240,615,9,511.46
1241,615,6,517.64
1242,616,4,565.86
1243,616,1,536.48
1244,616,11,525.06
1245,617,19,397.21
1246,617,3,393.42
1247,617,16,398.98
1248,618,6,438.00
1249,618,12,431.17
1250,618,20,452.32
1251,619,4,331.64
1252,619,8,361.52
1253,619,17,331.98
1254,620,16,393.57
1255,621,6,311.89
1256,622,18,287.46
1257,623,14,193.99
1258,623,8,207.28
1259,623,11,195.42
1260,624,19,176.72
1261,625,2,205.06
1262,625,6,208.58
1263,625,8,208.04
1264,626,15,258.11
1265,627,11,702.71
1266,627,3,664.61
1267,628,10,904.74
1268,629,20,1294.31
1269,629,8,1310.91
1270,630,7,819.81
1271,630,18,778.64
1272,631,14,2570.50
1273,632,12,474.12
1274,632,1,506.85
1275,632,11,516.42
1276,633,10,600.79
1277,633,4,583.32
1278,633,7,598.52
1279,634,5,662.74
1280,635,2,2604.28
1281,636,14,1046.41
1282,636,12,957.53
1283,636,15,958.60
1284,637,13,1148.02
1285,638,2,485.86
1286,638,14,487.07
1287,638,5,489.77
1288,639,11,596.17
1289,639,20,583.04
1290,640,5,410.17
1291,641,4,965.47
1292,641,5,995.61
1293,641,20,989.66
1294,642,12,1077.93
1295,642,7,1073.17
1296,642,15,1057.23
1297,643,10,1341.40
1298,644,20,2582.95
1299,644,2,2455.97
1300,644,7,2396.84
1301,645,12,1087.60
1302,646,10,1267.85
1303,647,1,1566.77
1304,648,18,486.52
1305,648,20,497.11
1306,649,4,569.77
1307,650,5,677.90
1308,651,12,1007.22
1309,651,3,974.91
1310,652,1,1153.64
1311,653,15,1236.08
1312,654,11,1249.97
1313,655,2,937.13
1314,655,6,892.99
1315,656,13,987.28
1316,656,16,991.67
1317,656,1,984.41
1318,657,9,1074.81
1319,658,2,2527.52
1320,659,8,494.61
1321,659,10,501.53
1322,659,16,477.09
1323,660,13,594.16
1324,660,5,607.54
1325,661,8,2726.20
1326,661,18,2672.27
1327,661,1,2562.38
1328,662,16,2749.07
1329,662,12,2734.74
1330,662,17,2666.35
1331,663,8,505.65
1332,663,1,555.00
1333,663,9,530.56
1334,664,8,583.90
1335,664,6,583.50
1336,664,4,601.02
1337,665,2,639.58
1338,665,8,671.02
1339,665,13,671.40
1340,666,8,735.74
1341,667,12,233.66
1342,667,19,225.60
1343,667,1,230.55
1344,668,19,176.58
1345,669,18,182.87
1346,669,10,180.27
1347,670,8,140.41
1348,671,17,158.65
1349,672,20,174.18
1350,672,7,166.31
1351,673,11,180.68
1352,674,19,121.44
1353,675,4,143.82
1354,676,3,243.89
1355,676,12,242.88
1356,677,4,1570.63
1357,677,11,1675.09
1358,677,10,1636.15
1359,678,16,966.45
1360,678,11,1045.83
1361,679,20,507.26
1362,679,12,514.69
1363,679,8,492.93
1364,680,10,1737.88
1365,680,5,1775.25
1366,680,6,1775.23
1367,681,19,1064.06
1368,681,2,1079.02
1369,682,8,625.16
1370,682,19,577.47
1371,682,4,613.70
1372,683,12,1885.78
1373,684,3,1237.57
1374,685,11,682.59
1375,685,15,681.49
1376,685,1,668.79
1377,686,4,37831.67
1378,686,1,39377.22
1379,687,6,998.31
1380,687,14,986.88
1381,688,13,902.32
1382,688,4,883.85
1383,688,16,899.65
1384,689,6,397.06
1385,690,10,456.01
1386,691,4,786.36
1387,691,3,830.00
1388,692,3,903.23
1389,693,11,352.28
1390,694,16,521.08
1391,694,1,482.28
1392,694,14,518.45
1393,695,2,671.13
1394,696,7,444.93
1395,697,18,684.84
1396,697,9,670.75
1397,697,10,691.51
1398,698,16,886.49
1399,698,5,892.49
1400,698,2,880.53
1401,699,20,430.90
1402,699,16,435.84
1403,699,7,455.20
1404,700,16,619.59
1405,701,13,898.02
1406,701,16,913.48
1407,702,18,493.39
1408,703,13,677.09
1409,703,12,667.17
1410,704,15,971.65
1411,704,9,975.88
1412,705,5,562.85
1413,706,4,823.62
1414,706,3,792.13
1415,706,12,819.49
1416,707,18,1050.75
1417,708,17,1359.49
1418,708,14,1323.30
1419,709,19,1794.73
1420,709,8,1723.25
1421,710,2,132.88
1422,710,17,131.29
1423,710,19,130.55
1424,711,15,337.58
1425,712,7,102.05
1426,713,2,296.71
1427,714,14,515.67
1428,714,7,486.92
1429,714,5,519.50
1430,715,3,196.77
1431,716,18,237.17
1432,716,11,229.45
1433,717,20,89.78
1434,718,4,259.58
1435,718,14,270.79
1436,719,4,184.11
1437,719,20,185.58
1438,719,19,185.80
1439,720,9,1826.85
1440,720,13,1811.96
1441,721,2,976.56
1442,721,6,963.42
1443,722,13,362.60
1444,722,2,343.12
1445,722,20,339.84
1446,723,16,141.85
1447,723,9,153.73
1448,723,12,146.07
1449,724,16,103.68
1450,724,4,96.31
1451,725,15,1073.66
1452,725,11,1089.85
1453,726,3,173.83
1454,726,7,184.80
1455,726,15,183.31
1456,727,12,338.59
1457,727,2,314.71
1458,727,17,335.89
1459,728,5,310.34
1460,728,17,284.92
1461,729,7,1239.40
1462,730,2,895.08
1463,731,7,492.43
1464,731,9,497.21
1465,732,4,339.99
1466,732,1,348.61
1467,733,6,1108.55
1468,733,16,1082.49
1469,734,9,275.70
1470,735,3,196.74
1471,735,10,192.29
1472,735,1,200.44
1473,736,8,181.64
1474,737,7,149.20
1475,737,9,154.43
1476,737,14,155.96
1477,738,1,100.46
1478,738,16,100.00
1479,738,5,94.13
1480,739,20,90.89
1481,739,10,90.86
1482,740,14,1137.64
1483,740,13,1094.49
1484,741,15,881.21
1485,742,20,426.88
1486,742,13,471.42
1487,742,4,469.95
1488,743,18,1027.86
1489,743,10,1007.89
1490,744,11,523.37
1491,745,11,354.45
1492,745,9,364.78
1493,745,19,354.29
1494,746,5,349.60
1495,747,2,720.35
1496,748,13,336.28
1497,748,11,334.11
1498,748,5,345.37
1499,749,14,295.66
1500,749,13,285.11
1501,750,19,408.04
1502,750,7,387.92
1503,750,11,400.38
1504,751,12,214.62
1505,751,17,211.77
1506,752,18,526.91
1507,752,6,528.57
1508,752,10,535.75
1509,753,6,212.92
1510,753,11,212.94
1511,753,3,227.13
1512,754,11,174.71
1513,754,12,175.31
1514,755,16,276.10
1515,756,19,268.25
1516,756,20,260.78
1517,756,3,258.77
1518,757,13,375.71
1519,757,17,393.06
1520,757,10,365.76
1521,758,11,444.92
1522,759,15,361.65
1523,759,5,337.84
1524,759,11,334.37
1525,760,6,282.75
1526,760,11,265.18
1527,761,7,321.43
1528,761,6,308.10
1529,762,5,403.57
1530,763,14,469.89
1531,763,13,443.76
1532,763,20,428.24
1533,764,12,207.96
1534,765,17,151.33
1535,765,7,151.12
1536,766,8,224.70
1537,766,20,219.90
1538,766,12,229.08
1539,767,6,360.30
1540,767,3,341.96
1541,768,15,382.65
1542,768,17,372.85
1543,769,5,393.38
1544,769,11,386.57
1545,769,16,416.88
1546,770,1,271.31
1547,770,8,292.53
1548,771,1,331.95
1549,772,4,196.35
1550,773,2,163.31
1551,773,13,160.96
1552,773,9,160.49
1553,774,4,161.44
1554,775,2,182.40
1555,776,15,230.00
1556,776,13,233.09
1557,777,5,342.06
1558,777,7,354.64
1559,777,1,354.67
1560,778,20,375.92
1561,778,5,394.11
1562,779,20,383.60
1563,779,4,383.29
1564,779,10,386.98
1565,780,9,184.93
1566,781,12,162.23
1567,782,6,199.96
1568,782,2,207.17
1569,783,16,132.09
1570,783,11,141.39
1571,783,8,144.66
1572,784,16,204.56
1573,784,5,190.54
1574,784,3,203.45
1575,785,8,166.77
1576,785,15,155.76
1577,786,2,225.86
1578,786,4,227.19
1579,787,12,237.23
1580,787,11,229.82
1581,788,1,143.89
1582,789,6,154.88
1583,789,11,155.78
1584,789,12,145.55
1585,790,3,163.64
1586,790,12,167.32
1587,790,11,176.81
1588,791,13,184.37
1589,791,16,181.66
1590,792,4,104.99
1591,793,2,137.83
1592,793,6,140.26
1593,793,4,143.20
1594,794,15,163.44
1595,794,6,160.77
1596,794,13,164.76
1597,795,5,162.46
1598,795,16,167.50
1599,795,19,161.33
1600,796,11,192.87
1601,796,1,192.36
1602,797,19,82.78
1603,797,20,80.34
1604,797,8,77.72
1605,798,20,202.22
1606,798,4,194.00
1607,798,14,195.93
1608,799,13,113.27
1609,799,5,110.23
1610,799,18,103.68
1611,800,17,236.99
1612,801,6,255.26
1613,801,3,244.53
1614,802,9,159.11
1615,802,2,159.80
1616,803,13,267.25
1617,803,8,277.44
1618,804,15,98.48
1619,804,3,95.23
1620,804,16,98.97
1621,805,1,217.08
1622,805,4,220.25
1623,805,13,208.05
1624,806,20,469.80
1625,807,10,581.44
1626,807,17,609.27
1627,807,18,625.98
1628,808,2,723.07
1629,808,8,687.25
1630,809,20,356.54
1631,809,16,335.53
1632,809,12,358.05
1633,810,1,313.94
1634,811,10,374.22
1635,811,18,364.08
1636,811,17,394.04
1637,812,5,335.28
1638,812,14,352.87
1639,813,4,572.62
1640,814,7,236.43
1641,814,15,221.91
1642,815,4,571.84
1643,815,14,606.98
1644,816,19,546.66
1645,816,4,553.90
1646,816,15,549.23
1647,817,1,664.33
1648,817,17,652.45
1649,818,19,468.05
1650,818,16,461.62
1651,819,19,366.63
1652,820,4,295.63
1653,821,20,331.17
1654,821,11,316.41
1655,821,17,322.48
1656,822,8,229.15
1657,822,9,229.30
1658,822,13,217.97
1659,823,5,891.16
1660,824,17,1138.64
1661,824,10,1122.28
1662,824,18,1146.86
1663,825,7,1315.13
1664,825,20,1271.80
1665,825,19,1278.90
1666,826,5,551.33
1667,826,6,556.51
1668,826,17,560.55
1669,827,18,654.37
1670,827,16,677.73
1671,828,14,465.95
1672,828,18,445.52
1673,828,10,427.12
1674,829,1,374.48
1675,830,2,290.03
1676,831,10,508.15
1677,832,2,182.41
1678,833,7,218.29
1679,833,18,236.19
1680,834,20,932.09
1681,835,18,1086.79
1682,835,8,1100.20
1683,835,20,1131.62
1684,836,10,1284.39
1685,836,2,1358.33
1686,836,13,1360.81
1687,837,18,1711.38
1688,837,2,1754.27
1689,838,15,563.01
1690,838,8,551.56
1691,838,12,554.68
1692,839,7,676.45
1693,839,10,711.77
1694,839,15,677.12
1695,840,17,768.59
1696,841,14,292.40
1697,842,5,281.34
1698,842,6,272.16
1699,843,15,151.69
1700,843,5,165.82
1701,844,2,204.77
1702,844,10,200.00
1703,844,16,190.50
1704,845,11,1044.65
1705,845,17,1001.06
1706,845,8,1027.60
1707,846,14,1204.17
1708,847,3,1360.00
1709,847,12,1358.90
1710,848,11,1663.93
1711,848,12,1775.51
1712,849,17,566.77
1713,849,16,575.41
1714,849,18,522.03
1715,850,12,831.32
1716,850,15,808.08
1717,850,8,808.68
1718,851,11,394.27
1719,852,13,291.72
1720,853,10,257.02
1721,853,1,245.89
1722,853,17,256.54
1723,854,16,145.97
1724,854,2,151.26
1725,855,17,197.47
1726,855,3,182.71
1727,856,18,1067.21
1728,856,1,1113.23
1729,856,3,1067.48
1730,857,14,1303.90
1731,857,4,1325.34
1732,857,7,1360.86
1733,858,3,1427.61
1734,858,5,1531.51
1735,859,3,1817.96
1736,860,9,602.48
1737,861,8,691.17
1738,861,9,708.10
1739,861,14,694.32
1740,862,13,405.91
1741,863,1,305.01
1742,863,3,286.22
1743,863,2,311.80
1744,864,10,256.14
1745,865,20,145.74
1746,865,3,155.36
1747,866,13,188.51
1748,866,1,189.63
1749,867,13,1131.62
1750,868,10,1322.03
1751,868,5,1352.80
1752,868,20,1337.32
1753,869,12,1555.18
1754,869,1,1445.24
1755,869,18,1430.31
1756,870,20,1908.03
1757,870,13,1820.22
1758,870,18,1843.94
1759,871,12,207.07
1760,871,7,205.99
1761,871,14,191.88
1762,872,8,160.86
1763,873,7,221.70
1764,873,4,235.86
1765,874,18,397.45
1766,875,3,486.56
1767,875,10,483.90
1768,875,20,503.02
1769,876,12,304.12
1770,876,5,291.06
1771,877,20,196.56
1772,877,3,185.56
1773,878,11,151.88
1774,878,10,143.82
1775,879,12,434.12
1776,879,11,440.61
1777,879,14,461.83
1778,880,14,625.27
1779,880,9,664.12
1780,880,12,673.52
1781,881,15,409.96
1782,881,12,398.48
1783,882,6,506.26
1784,883,9,309.73
1785,884,18,183.26
1786,885,3,826.93
1787,885,20,809.52
1788,885,1,823.98
1789,886,13,935.53
1790,886,19,903.64
1791,886,7,902.91
1792,887,16,147.40
1793,887,5,154.83
1794,887,12,150.34
1795,888,5,129.01
1796,888,15,123.72
1797,889,17,405.49
1798,889,1,412.88
1799,890,6,645.51
1800,890,17,628.18
1801,890,5,678.12
1802,891,5,953.09
1803,891,16,1025.12
1804,891,12,972.20
1805,892,12,380.76
1806,892,8,387.30
1807,893,13,519.85
1808,893,16,518.04
1809,894,11,767.30
1810,895,9,653.55
1811,895,20,641.00
1812,895,18,641.12
1813,896,3,492.83
1814,896,17,519.32
1815,896,9,499.82
1816,897,12,204.82
1817,897,16,206.70
1818,898,17,237.75
1819,899,6,142.70
1820,899,8,151.14
1821,900,5,338.07
1822,901,20,253.01
1823,901,4,246.87
1824,902,4,202.49
1825,902,16,198.58
1826,903,6,388.77
1827,903,14,384.15
1828,903,1,402.68
1829,904,17,266.14
1830,905,5,213.71
1831,905,2,211.99
1832,905,6,229.04
1833,906,19,364.61
1834,906,1,339.11
1835,906,10,352.72
1836,907,16,485.00
1837,907,6,494.55
1838,908,19,308.58
1839,909,20,222.50
1840,910,6,207.40
1841,910,11,200.92
1842,911,8,226.21
1843,912,4,332.13
1844,913,17,504.26
1845,913,14,482.90
1846,913,5,519.04
1847,914,2,286.04
1848,914,18,267.65
1849,914,17,283.45
1850,915,18,329.73
1851,915,1,324.74
1852,915,14,313.98
1853,916,14,204.76
1854,916,8,196.64
1855,916,16,200.77
1856,917,19,210.98
1857,917,4,218.50
1858,917,14,213.14
1859,918,10,352.43
1860,919,14,379.27
1861,919,9,408.72
1862,919,7,379.33
1863,920,4,443.39
1864,920,17,435.77
1865,920,1,462.66
1866,921,12,530.05
1867,921,4,557.32
1868,922,9,147.86
1869,922,18,147.00
1870,923,13,326.15
1871,923,7,338.34
1872,924,6,401.36
1873,924,12,398.35
1874,925,19,235.28
1875,925,12,226.67
1876,926,4,286.94
1877,927,6,291.43
1878,927,4,297.02
1879,928,18,1834.57
1880,928,2,1987.22
1881,929,3,1774.57
1882,930,20,2165.96
1883,930,14,2205.48
